name,title,type,example,description,table_sources,metadata,longitudinal,analysis
A50_74Hcv,Yearly Hepatitis C cases - 50 to 74 years old (2013-2016),number,43300,Mean yearly Hepatitis C cases in people between 50 to 74 years of age from 2013-2016,state-2017,HepatitisC_Rates,False,False
A50_74HcvD,Hepatitis C Deaths - 50 to 74 years old,integer,515,Hepatitis C deaths among populations between 50 and 74 years of age,"state-2013, state-2014, state-2015, state-2016, state-2017, state-2018, state-2019, state-2020, state-2021, state-2022",HepatitisC_Rates,False,False
Age15_44,% Population: Age 15-44,integer,784568,Total population between age 15-44,"county-1980, county-1990, county-2000, county-2010, county-2018, state-1980, state-1990, state-2000, state-2010, state-2018, tract-1980, tract-1990, tract-2000, tract-2010, tract-2018, zcta-2018",Demographic_Characteristics,True,False
Age15_44P,% Population: Age 15-44,number,60.43,Percentage of population below 45 years of age,"county-1980, county-1990, county-2000, county-2010, county-2018, state-1980, state-1990, state-2000, state-2010, state-2018, tract-1980, tract-1990, tract-2000, tract-2010, tract-2018, zcta-2018",Demographic_Characteristics,True,False
AlcDens,Alcohol Outlets Density,number,0.01,Number of alcohol outlets per square mile,"county-2018, state-2018, tract-2018, zcta-2018",Alcohol_Outlet_Density,False,False
AlcPerCap,Alcohol Outlets per Capita,number,0,Number of alcohol outlets per capita,"county-2018, state-2018, tract-2018, zcta-2018",Alcohol_Outlet_Density,False,False
AlcTot,Total Alcohol Outlets,integer,421,Total number of alcohol outlets,"county-2018, state-2018, tract-2018, zcta-2018",Alcohol_Outlet_Density,False,False
AmInHcvD,Hepatitis C Deaths - American Indian,integer,20,Hepatitis C deaths among American Indian populations,"state-2013, state-2014, state-2015, state-2016, state-2017, state-2018, state-2019, state-2020, state-2021, state-2022",HepatitisC_Rates,False,False
AmIndE,Count Native American/Alaska Native Population,number,0.43,Count population with race identified as Native American or Alaska Native alone. Estimated count in non-decennial years.,"county-1980, county-1990, county-2000, county-2010, county-2018, county-2023, state-1980, state-1990, state-2000, state-2010, state-2018, state-2023, tract-1980, tract-1990, tract-2000, tract-2010, tract-2018, tract-2023, zcta-2018, zcta-2023",Race_Ethnicity,True,False
AmIndP,% Native American/Alaska Native Population,number,0.43,Percentage of population with race identified as Native American or Alaska Native alone,"county-1980, county-1990, county-2000, county-2010, county-2018, county-2020, county-2023, state-1980, state-1990, state-2000, state-2010, state-2018, state-2023, tract-1980, tract-1990, tract-2000, tract-2010, tract-2018, tract-2020, tract-2023, zcta-2018, zcta-2020, zcta-2023",Race_Ethnicity,True,False
AnyGslDt,Any Good Samaritan Law (date),date,6/10/2010,Date (DMY) any type of GoodDate (DMY) any type of Good Samaritan Law is effective,"state-2017, state-2019, state-2020, state-2021",Good_Samaritan_Laws,False,False
AnyGslFr,Any Good Samaritan Law (fraction of year in 2018),number,1,Fraction of year any type of Good Samaritan Law is effective,"state-2017, state-2019, state-2020, state-2021",Good_Samaritan_Laws,False,False
AnyNalxDt,Any Naloxone Law (date),date,7/1/2010,Date (MY) any type of Naloxone law effective,"state-2017, state-2018, state-2019, state-2020, state-2021, state-2022",Naloxone_Policy,False,False
AnyNalxFr,Naloxone Law allowing distribution through a standing or order (fraction of year in 2017),number,1,Fraction of year any type of Naloxone law is effective,"state-2017, state-2018, state-2019, state-2020, state-2021, state-2022",Naloxone_Policy,False,False
AnyPdmpDt,Any PDMP start date,date,7/22/2007,"Date when PDMP enabling legislation was first enacted for any type of PDMP in effect (including paper-based systems). Source: PDAPS for first PDMP laws passed after January 1, 1998; Info on laws prior to 1998 came from Brandeis TTAC.","state-2017, state-2018, state-2019, state-2020, state-2021, state-2022, state-2023",PDMP_Presence,False,False
AnyPdmpFr,Any PDMP (fraction of year in 2017),number,1,Fraction of year that state has any prescription drug monitoring program operating.,"state-2017, state-2018, state-2019, state-2020, state-2021, state-2022, state-2023",PDMP_Presence,False,False
AnyPdmphDt,Any Horowitz PDMP start date,date,8/1/2011,"Date when PDMP enabling legislation was first enacted for any type of PDMP in effect (including paper-based systems). Source: Horowitz et al., 2018, Table 2, column 1.","state-2017, state-2018, state-2019, state-2020, state-2021, state-2022, state-2023",PDMP_Presence,False,False
AnyPdmphFr,Any Horowitz PDMP (fraction of year in 2017),number,1,"Fraction of year that state has prescription drug monitoring program enabling legislation for any type of prescription drug monitoring program in effect ,including paper-based systems (as determined by Horowitz et al., 2018) enacted","state-2017, state-2018, state-2019, state-2020, state-2021, state-2022, state-2023",PDMP_Presence,False,False
AreaSqMi,Land Area (Square Miles),number,66452.74,Land area of geography in sq miles,"county-2018, state-2018, tract-2018, zcta-2018",Alcohol_Outlet_Density,False,False
AsHcvD,Hepatitis C deaths among Asian populations ,number,60.0,,"state-2018, state-2019, state-2020, state-2021, state-2022",HepatitisC_Rates,False,False
AsPiHcvD,Hepatitis C Deaths - Asian & Pacific Islander,integer,29,Hepatitis C deaths among Asian and Pacific Islander populations,"state-2013, state-2014, state-2015, state-2016, state-2017",HepatitisC_Rates,False,False
AsianE,Count Asian Population,number,12.03,Count population with race identified as Asian alone. Estimated count in non-decennial years.,"county-1980, county-1990, county-2000, county-2010, county-2018, county-2023, state-1980, state-1990, state-2000, state-2010, state-2018, state-2023, tract-1980, tract-1990, tract-2000, tract-2010, tract-2018, tract-2023, zcta-2018, zcta-2023",Race_Ethnicity,True,False
AsianP,% Asian Population,number,12.03,Percentage of population with race identified as Asian alone,"county-1980, county-1990, county-2000, county-2010, county-2018, state-1980, state-1990, state-2000, state-2010, state-2018, state-2023, tract-1980, tract-1990, tract-2000, tract-2010, tract-2018, zcta-2018",Race_Ethnicity,True,False
AvA50_74HcvD,Average Ages between 50 to 74 Hepitatis C virus Deaths,number,121.0,"Mean yearly Hepatitis C deaths among people between 50 and 74 years of age from 2013-2017, 2018-2022","state-2017, state-2022",HepatitisC_Rates,False,False
AvAmInHcvD,Hepatitis C Deaths - American Indian (5-Year Averages),number,23.6,Mean yearly Hepatitis C deaths among American Indian population from 2013-2017,"state-2017, state-2022",HepatitisC_Rates,False,False
AvAsHcvD,Mean yearly Hepatitis C deaths among Asian population from 2018-2022,number,60.0,,state-2022,HepatitisC_Rates,False,False
AvAsPiHcvD,Hepatitis C Deaths - Asian & Pacific Islander (2013 - 2017),number,24.4,Mean yearly Hepatitis C deaths among Asian and Pacific Islanders population from 2013-2017,state-2017,HepatitisC_Rates,False,False
AvBlkHcvD,Hepatitis C Deaths - Black (5-Year Averages),number,42.2,Mean yearly Hepatitis C deaths among Black populations from 2013-2017,"state-2017, state-2022",HepatitisC_Rates,False,False
AvBupTime,Driving Time to Buprenorphine Provider (driving time across all tracts),number,6.9,Average driving time (minutes) across tracts in state to nearest buprenorphine provider.,state-2020,Access_MOUDs,False,False
AvFlHcvD,Hepatitis C Deaths - Women (5-Year Averages),number,177.2,Mean yearly Hepatitis C deaths among women from 2013-2017,"state-2017, state-2022",HepatitisC_Rates,False,False
AvHcvD,Average Hepitatis C virus Deaths (5-Year Averages),number,121.0,"Mean total yearly Hepatitis C deaths from 2013-2017, 2018-2022","state-2017, state-2022",HepatitisC_Rates,False,False
AvHspHcvD,Hepatitis C Deaths - Hispanic (5-Year Averages),number,34.4,Mean yearly Hepatitis C deaths among Hispanic populations from 2013-2017,"state-2017, state-2022",HepatitisC_Rates,False,False
AvMetTime,Driving Time to Methadone Provider (driving time across all tracts),number,29.15,Average driving time (minutes) across tracts in state to nearest methadone provider.,state-2020,Access_MOUDs,False,False
AvMlHcvD,Hepatitis C Deaths - Men (5-Year Averages),number,409.2,Mean yearly Hepatitis C deaths among men from 2013-2017,"state-2017, state-2022",HepatitisC_Rates,False,False
AvMulHcvD,Mean yearly Hepatitis C deaths among Multiple Race populations from 2018-2022,number,60.0,,state-2022,HepatitisC_Rates,False,False
AvNaltTime,Driving Time to Naltrexone Provider (driving time across all tracts),number,11.68,Average driving time (minutes) across tracts in state to nearest naltrexone provider.,state-2020,Access_MOUDs,False,False
AvNhPiHcvD,Mean yearly Hepatitis C deaths among Native Hawaiian and Pacific Islanders population from 2018-2022,number,60.0,,state-2022,HepatitisC_Rates,False,False
AvO75HcvD,Hepatitis C Deaths - Age Over 75  (5-Year Averages),number,27,Mean yearly Hepatitis C deaths among people over 75 years of age,"state-2017, state-2022",HepatitisC_Rates,False,False
AvU50HcvD,Hepatitis C Deaths - Age Under 50 (5-Year Averages),number,26.6,Mean yearly Hepatitis C deaths among people under 50 years of age from 2013-2017,"state-2017, state-2022",HepatitisC_Rates,False,False
AvWhHcvD,Average White Hepitatis C virus Deaths,number,121.0,Mean yearly Hepatitis C deaths among White populations from 2018-2022,state-2022,HepatitisC_Rates,False,False
BachelorsP,% Persons aged 25 years and over with a bachelorâ€™s degree as their highest level of education,number,60.0,,"county-1990, county-2000, county-2010, county-2018, county-2020, county-2023, state-1990, state-2000, state-2010, state-2018, state-2023, tract-1990, tract-2000, tract-2010, tract-2018, tract-2020, tract-2023, zcta-2018, zcta-2020, zcta-2023",Educational_Characteristics,False,False
BlackE,Count Black/African American Populationw,number,14.81,Count population with race identified as Black or African American alone. Estimated count in non-decennial years.,"county-1980, county-1990, county-2000, county-2010, county-2018, county-2023, state-1980, state-1990, state-2000, state-2010, state-2018, state-2023, tract-1980, tract-1990, tract-2000, tract-2010, tract-2018, tract-2023, zcta-2018",Race_Ethnicity,True,False
BlackP,% Black/African American Populationw,number,14.81,Percentage of population with race identified as Black or African American alone,"county-1980, county-1990, county-2000, county-2010, county-2018, county-2020, county-2023, state-1980, state-1990, state-2000, state-2010, state-2018, state-2023, tract-1980, tract-1990, tract-2000, tract-2010, tract-2018, tract-2020, tract-2023, zcta-2018, zcta-2020, zcta-2023",Race_Ethnicity,True,False
BlkHcv,Yearly Hepatitis C cases - Black (2013-2016),number,5600,Mean yearly Hepatitis C cases in populations identified as non-hispanic Black alone across 2013-2016,state-2017,HepatitisC_Rates,False,False
BlkHcvD,Hepatitis C Deaths - Black,integer,48,Hepatitis C deaths among Black population,"state-2013, state-2014, state-2015, state-2016, state-2017, state-2018, state-2019, state-2020, state-2021, state-2022",HepatitisC_Rates,False,False
BupAvTmBk,Biking Time (min) to Nearest Buprenorphine Provider,number,1.12569444444444,Average biking time (minutes) across tracts in county to nearest buprenorphine provider,county-2020,Access_MOUDs,False,False
BupAvTmDr,Driving Time (min) to Nearest Buprenorphine Provider,number,0.42,Average driving time (minutes) across tracts in county to nearest buprenorphine provider,county-2020,Access_MOUDs,False,False
BupAvTmWk,Walking Time (min) to Nearest Buprenorphine Provider,number,1.87725694444444,Average walking time (minutes) across tracts in county to nearest buprenorphine provider,county-2020,Access_MOUDs,False,False
BupCntBk30,Count of Buprenorphine Providers (30-min bike),integer,3,Count of buprenorphine providers in 30 minute biking time threshold,"tract-2020, zcta-2020",Access_MOUDs,False,False
BupCntBk60,Count of Buprenorphine Providers (60-min bike),integer,4,Count of buprenorphine providers in 60 minute biking time threshold,"tract-2020, zcta-2020",Access_MOUDs,False,False
BupCntDr30,Count of Buprenorphine Providers (30-min drive),integer,21,Count of methadone providers in 30 minute drive time threshold,"tract-2020, zcta-2020",Access_MOUDs,False,False
BupCntDr60,Count of buprenorphine providers (drive),number,121.0,Count of buprenorphine providers in 60 minute drive time threshold,,Access_MOUDs,False,False
BupCntWk30,Count of Buprenorphine Providers (30-min walk),integer,2,Count of buprenorphine providers in 30 minute walking time threshold,"tract-2020, zcta-2020",Access_MOUDs,False,False
BupCntWk60,Count of Buprenorphine Providers (60-min walk),integer,2,Count of buprenorphine providers in 60 minute walking time threshold,"tract-2020, zcta-2020",Access_MOUDs,False,False
BupCtTmBk,Tracts with Buprenorphine Provider within 30-min (biking),integer,287,Number of tracts with buprenorphine provider within a 30-min biking range,county-2020,Access_MOUDs,False,False
BupCtTmDr,Tracts with Buprenorphine Provider within 30-min (driving),integer,288,Number of tracts with buprenorphine provider within a 30-min driving range,county-2020,Access_MOUDs,False,False
BupCtTmWk,Tracts with Buprenorphine Provider within 30-min (walking),integer,287,Number of tracts with buprenorphine provider within a 30-min walking range,county-2020,Access_MOUDs,False,False
BupMinDis,Distance (mi) to nearest Buprenorphine Provider,number,0.81,Euclidean distance (miles) to nearest buprenorphine provider,"tract-2020, zcta-2020",Access_MOUDs,False,False
BupRm30,Buprenorphine access 30 minutes (RAAM),number,1.232,Buprenorphine access 30 minutes (RAAM),tract-2020,Access_MOUDs,False,False
BupRm60,Buprenorphine access 60 minutes (RAAM),number,1.232,Buprenorphine access 60 minutes (RAAM),tract-2020,Access_MOUDs,False,False
BupRm90,Buprenorphine access 90 minutes (RAAM),number,1.232,Buprenorphine access 90 minutes (RAAM),tract-2020,Access_MOUDs,False,False
BupTmBk,Biking Time (min) to nearest Buprenorphine Provider,number,0,Biking time (minutes) to nearest buprenorphine provider,"county-2025, state-2025, tract-2020, zcta-2020",Access_MOUDs,False,True
BupTmBkP,% Tracts With Buprenorphine Provider (30-min bike),number,1,Percent of tracts with buprenorphine provider within a 30-min biking range,county-2020,Access_MOUDs,False,False
BupTmDr,Driving Time (min) to nearest Buprenorphine Provider,number,0,Driving time (minutes) to nearest buprenorphine provider,"county-2025, state-2025, tract-2020, zcta-2020",Access_MOUDs,False,True
BupTmDrP,% Tracts With Buprenorphine Provider (30-min drive),number,1,Percent of tracts with buprenorphine provider within a 30-min driving range,county-2020,Access_MOUDs,False,False
BupTmWk,Walking Time (min) to nearest Buprenorphine Provider,number,0,Walking time (minutes) to nearest buprenorphine provider,"county-2025, state-2025, tract-2020, zcta-2020",Access_MOUDs,False,True
BupTmWkP,% Tracts With Buprenorphine Provider (30-min walk),number,1,Percent of tracts with buprenorphine provider within a 30-min walking range,county-2020,Access_MOUDs,False,False
CenFlags,Census Flags,string,,"Three different values indicating three things:<br>1 - Revised count, so urban and rural components will not add to total. <br>2 - Geography name and FIPS code were changed since 2010. Shannon County, Sotuh Dakota name changed to Oglala Lakota County, new FIPS 46102. Wade Hampton Census Area, Alaska, name changed to Kusilvak CEnsus Area, nwe FIPS 02158<br>3 - Bedford City, Virginia, was consolidated with Bedford County, Virginia (FIPS 51019) since 2010.",county-2018,Urbanicity,False,False
ChildrenP,Children %,number,0.14,Percentage of population under age 18,"county-1980, county-1990, county-2000, county-2010, county-2018, state-1980, state-1990, state-2000, state-2018, tract-1980, tract-1990, tract-2000, tract-2018, zcta-2018",Demographic_Characteristics,True,False
CntBupT,Tracts with Buprenorphine Provider (30-min driving),integer,1400,Number of tracts with buprenorphine provider within a 30-min driving range,state-2020,Access_MOUDs,False,False
CntMetT,Tracts with Methadone Provider (30-min driving),integer,996,Number of tracts with methadone provider within a 30-min driving range,state-2020,Access_MOUDs,False,False
CntNaltT,Tracts with Naltrexone Provider (30-min driving),integer,1323,Number of tracts within 30 -min of naltrexone driving range,state-2020,Access_MOUDs,False,False
CrowdHsng,Proportion of occupied housing units that are considered crowded (more than 1 person per room),number,60.0,,"county-2020, county-2023, tract-2020, tract-2023, zcta-2020, zcta-2023",Household_Characteristics,False,False
CrrctExp,Corrections expenditures,integer,1897193,Total expenditures on corrections system and operations,"state-2019, state-2020, state-2021, state-2022",Public_Expenditures,False,False
DisbP,% Population with Disability,number,12.7,Percentage of civilian non institutionalized population with a disability,"county-2000, county-2010, county-2018, county-2020, county-2023, state-2000, state-2010, state-2018, tract-2000, tract-2010, tract-2018, tract-2020, tract-2023, zcta-2018, zcta-2020, zcta-2023",Population_withDisability,False,False
DivrcdP,% Males 15 years and over who are divorced,number,60.0,,"county-2020, county-2023, tract-2020, tract-2023, zcta-2020, zcta-2023",Marital_Status,False,False
DmyBlckBlt,African American South,boolean,0,Dummy variable for whether county is in the Southern Black Belt region,county-2000,Unique_Communities,False,False
DmySgrg,Hypersegregated Cities,boolean,1,Dummy variable for whether county is part of a hypersegregated city or its metropolitan area,county-2015,Unique_Communities,False,False
DsmAs,Segregation: Dissimilarity (Asian),number,0.33,Dissimilarity index for Asian and non-Hispanic White residents,"county-2018, county-2023, state-2018, state-2023, zcta-2018, zcta-2023",Residential_Segregation,False,False
DsmBlk,Segregation: Dissimilarity (Black),number,0.42,Dissimilarity index for Black and non-Hispanic White residents,"county-2018, county-2023, state-2018, state-2023, zcta-2018, zcta-2023",Residential_Segregation,False,False
DsmHsp,Segregation: Dissimilarity (Hispanic),number,0.28,Dissimilarity index for Hispanic and non-Hispanic White residents,"county-2018, county-2023, state-2018, state-2023, zcta-2018, zcta-2023",Residential_Segregation,False,False
EduHsP,% Population aged 25 years and over whose highest educational attainment is a high school diploma (or equivalent),number,60.0,,"county-1980, county-1990, county-2000, county-2010, county-2018, county-2020, county-2023, state-1980, state-1990, state-2000, state-2010, state-2018, state-2023, tract-1980, tract-1990, tract-2000, tract-2010, tract-2018, tract-2020, tract-2023, zcta-2018, zcta-2020, zcta-2023",Educational_Characteristics,False,False
EduNoHsP,% Population aged 25 years and over with less than a high school diploma,number,60.0,,"county-1980, county-1990, county-2000, county-2010, county-2018, county-2020, county-2023, state-1980, state-1990, state-2000, state-2010, state-2018, state-2023, tract-1980, tract-1990, tract-2000, tract-2010, tract-2018, tract-2020, tract-2023, zcta-2018, zcta-2020, zcta-2023",Educational_Characteristics,False,False
ElcPdmpDt,Electronic PDMP start date,date,7/22/2007,Date state began operating an electronic PDMP system.,"state-2017, state-2018, state-2019, state-2020, state-2021, state-2022, state-2023",PDMP_Presence,False,False
ElcPdmpFr,Electronic PDMP (fraction of year in 2017),number,1,Fraction of year that state has an electronic PDMP system operating.,"state-2017, state-2018, state-2019, state-2020, state-2021, state-2022, state-2023",PDMP_Presence,False,False
EngProf,Proportion of the population aged 5+ who speak a language other than English at home but are proficient in English,number,60.0,,"county-2018, county-2020, county-2023, state-2018, state-2023, tract-2018, tract-2020, tract-2023, zcta-2018, zcta-2020, zcta-2023",Educational_Characteristics,False,False
EssnWrkE,Count of Essential Workers,integer,1509709,Estimated count of population employed in essential occupations.,"county-2018, state-2018, tract-2018, zcta-2018",Employment_Trends,False,False
EssnWrkP,Essential Workers %,number,42.96,Percentage of population employed in essential occupations.,"county-2018, county-2020, county-2023, state-2018, tract-2018, tract-2020, tract-2023, zcta-2018, zcta-2020, zcta-2023",Employment_Trends,False,False
ExpSsp,Syringe Service Program (SSP) Authorization Laws,boolean,1,"Dummy variable indicating whether the state has law that explicitly authorizes Syringe Service Programs (0=no, 1=yes)",state-2019,Syringe_Policy,False,False
ExpnFedExp,Expansion Medicaid Federal Spending,integer,2902387900,Expansion Group - Federal Spending,"state-2018, state-2023",Medical_Expenditures,False,False
ExpnSttExp,Expansion Medicaid State Spending,integer,174679300,Expansion Group - State Spending,"state-2018, state-2023",Medical_Expenditures,False,False
FIPS,Federal Information Processing Standard code,string,36061,"Federal Information Processing Standard code designated by the NIST; is two digits for states, five digits for counties, eleven digits for tracts.","county-1980, county-1990, county-2000, county-2010, county-2014, county-2015, county-2016, county-2017, county-2018, county-2019, county-2020, county-2021, county-2022, county-2023, county-2024, county-2025, county-providers-2010, state-1980, state-1990, state-2000, state-2010, state-2013, state-2014, state-2015, state-2016, state-2017, state-2018, state-2019, state-2020, state-2021, state-2022, state-2023, state-2024, state-2025, state-providers-2010, tract-1980, tract-1990, tract-2000, tract-2010, tract-2014, tract-2018, tract-2019, tract-2020, tract-2021, tract-2022, tract-2023, tract-2025, tract-providers-2010, tract-ruca-2010, tract-sdoh-2014",Geographic_Boundaries,True,False
FamSize,Average family size,number,60.0,,"county-2020, county-2023, tract-2020, tract-2023, zcta-2020, zcta-2023",Household_Characteristics,False,False
FemP,% Population that is Female,number,60.0,,"county-1980, county-1990, county-2000, county-2010, county-2018, county-2020, county-2023, state-1980, state-1990, state-2000, state-2010, state-2018, state-2023, tract-1980, tract-1990, tract-2000, tract-2010, tract-2018, tract-2020, tract-2023, zcta-2018, zcta-2020, zcta-2023",Demographic_Characteristics,False,False
FlHcvD,Hepatitis C Deaths - Women,integer,175,Hepatitis C deaths among women,"state-2013, state-2014, state-2015, state-2016, state-2017, state-2018, state-2019, state-2020, state-2021, state-2022",HepatitisC_Rates,False,False
FmHcv,Yearly Hepatitis C cases - Women (2013-2016),number,16900,Mean yearly Hepatitis C cases in women from 2013-2016,state-2017,HepatitisC_Rates,False,False
ForDqP,Foreclosure & Delinquency %,number,5.53,Estimated percent of mortgages to start foreclosure process or be seriously delinquent during the 2008 Recession,"county-2018, state-2018, tract-2018",Foreclosure_Rate,False,False
ForDqTot,Foreclosure & Delinquency Count,number,48.09,Estimated number of mortgages to start foreclosure process or be seriously delinquent during the 2008 Recession,"county-2018, state-2018, tract-2018",Foreclosure_Rate,False,False
FqhcAvTmDr,Average driving time to nearest Federally Qualified Health Center (FQHC),number,10.65,Average driving time (minutes) across tracts in state to nearest Federally Qualified Health Center,"county-2020, county-2025, state-2020",Access_FQHCs,False,False
FqhcAvTmDr2,"Average driving time to nearest Federally Qualified Health Center (FQHC), with Impedance factor",number,10.65,"Average driving time (minutes) across tracts in state to nearest Federally Qualified Health Center, with Impedance factor",county-2025,Access_FQHCs,False,True
FqhcCntDr,Count of Federally Qualified Health Centers (FQHCs) within 30-min drive,integer,17,Count of Federally Qualified Health Centers (FQHCs) within a 30-minute driving threshold,"tract-2020, tract-2025, zcta-2020, zcta-2025",Access_FQHCs,False,False
FqhcCntDr2,"Count of Federally Qualified Health Centers (FQHCs) within 30-min drive, with Impedance factor",integer,17,"Count of Federally Qualified Health Centers (FQHCs) within a 30-minute driving threshold, with Impedance factor",,Access_FQHCs,False,True
FqhcCtTmDr,Count of Tracts within 30-min drive of Federally Qualified Health Center (FQHC),integer,1359,Number of tracts with Federally Qualified Health Center within a 30-min driving range,"county-2020, county-2025, state-2020",Access_FQHCs,False,False
FqhcCtTmDr2,"Count of Tracts within 30-min drive of Federally Qualified Health Center (FQHC), with Impedance factor",integer,1359,"Number of tracts with Federally Qualified Health Center within a 30-min driving range, with Impedance factor",county-2025,Access_FQHCs,False,False
FqhcMinDis,Distance (mi) to nearest Federally Qualified Health Centers (FQHC),number,10.23,"Euclidean distance* from tract/zip centroid to nearest Federally Qualified Health Centers (FQHC), in miles","tract-2020, zcta-2020",Access_FQHCs,False,False
FqhcTmDr,Driving time (min) to nearest Federally Qualified Health Centers (FQHC),number,19.16,"Driving time from tract/zip origin centroid to the nearest tract/zip FQHC destination centroid, in minutes","tract-2020, tract-2025, zcta-2020",Access_FQHCs,False,True
FqhcTmDr2,"Driving time (min) to nearest Federally Qualified Health Centers (FQHC), with Impedance factor",number,19.16,"Driving time from tract/zip origin centroid to the nearest tract/zip FQHC destination centroid, in minutes, with Impedance factor",tract-2025,Access_FQHCs,False,True
FqhcTmDrP,% Tracts within 30-min drive of Federally Qualified Health Center (FQHC),number,0.93,Percent of tracts with Federally Qualified Health Center within a 30-min driving range.,"county-2020, county-2025, state-2020",Access_FQHCs,False,False
FqhcTmDrP2,"% Tracts within 30-min drive of Federally Qualified Health Center (FQHC), with Impedance factor",number,0.93,"Percent of tracts with Federally Qualified Health Center within a 30-min driving range, with Impedance factor",county-2025,Access_FQHCs,False,True
GiniCoeff,Income Inequality (Gini Coefficient),number,0.46,Income Inequality (Gini Coefficient),"county-2010, county-2018, county-2020, county-2023, state-2010, state-2018, tract-2010, tract-2018, tract-2020, tract-2023, zcta-2018, zcta-2020, zcta-2023",Foreclosure_Rate,False,False
GradSclP,% Population aged 25 years and over with a graduate or professional degree,number,60.0,,"county-1990, county-2000, county-2010, county-2018, county-2020, county-2023, state-1990, state-2000, state-2010, state-2018, state-2023, tract-1990, tract-2000, tract-2010, tract-2018, tract-2020, tract-2023, zcta-2018, zcta-2020, zcta-2023",Educational_Characteristics,False,False
GslArrDt,Good Samaritan Law Protecting Arrest (date),date,10/1/2015,Date (DMY) that Good Samaritan Law providing protection from arrest for controlled substance possession laws is effective,"state-2017, state-2019, state-2020, state-2021",Good_Samaritan_Laws,False,False
GslArrFr,Good Samaritan Law Protecting Arrest (fraction of year in 2018),number,0,Fraction of year that Good Samaritan Law providing protection from arrest for controlled substance possession laws is effective,"state-2017, state-2019, state-2020, state-2021",Good_Samaritan_Laws,False,False
HEROP_ID,HEROP_ID,string,050US01001-2018,A derived unique id corresponding to the relevant geographic unit.,"county-1980, county-1990, county-2000, county-2010, county-2014, county-2015, county-2016, county-2017, county-2018, county-2019, county-2020, county-2021, county-2022, county-2023, county-2024, county-2025, county-providers-2010, state-1980, state-1990, state-2000, state-2010, state-2013, state-2014, state-2015, state-2016, state-2017, state-2018, state-2019, state-2020, state-2021, state-2022, state-2023, state-2024, state-2025, state-providers-2010, tract-1980, tract-1990, tract-2000, tract-2010, tract-2014, tract-2018, tract-2019, tract-2020, tract-2021, tract-2022, tract-2023, tract-2025, tract-providers-2010, tract-ruca-2010, tract-sdoh-2014, zcta-2018, zcta-2019, zcta-2020, zcta-2021, zcta-2022, zcta-2023, zcta-2025, zcta-ruca-2010",Geographic_Boundaries,True,False
HHSize,Average household size,number,60.0,,"county-2020, county-2023, tract-2020, tract-2023, zcta-2020, zcta-2023",Household_Characteristics,False,False
HcvAvTmDr,Average time drive to nearest HCV testing provider,number,42.45,Mean driving time (minutes) from tracts to nearest HCV testing provider,,Access_HCVTesting,False,False
HcvCntDr,Count of HCV Providers,integer,42,Number of HCV testing providers within a 30-minute drive,,Access_HCVTesting,False,False
HcvCtTmDr,Count of tracts within 30-min driving range,integer,42,Number of tracts with an HCV testing provider within a 30-minute driving range,,Access_HCVTesting,False,False
HcvD,Hepatitis C Deaths,integer,592,Total Hepatitis C deaths,"state-2013, state-2014, state-2015, state-2016, state-2017, state-2018, state-2019, state-2020, state-2021, state-2022",HepatitisC_Rates,False,False
HcvMinDis,Distance to nearest HCV Provider,number,42.45,Euclidean distance* from tract/zip centroid to nearest HCV testing provider (miles),,Access_HCVTesting,False,False
HcvTmDr,Driving time to nearest HCV Provider,number,42.45,Driving time from origin to nearest HCV testing provider (minutes),,Access_HCVTesting,False,False
HcvTmDrP,Percent of tracts within 30-min driving range,number,42.34,Percent of tracts within 30-minute drive to an HCV testing provider,,Access_HCVTesting,False,False
HghRskP,Employed % - High Risk of Injury,number,20,"Percentage of population employed in following industries: agriculture, forestry, fishing and hunting, mining, quarrying, oil and gas extraction, construction, manufacturing, utilities","county-2018, county-2020, county-2023, state-2018, tract-2018, tract-2020, tract-2023, zcta-2018, zcta-2020, zcta-2023",Employment_Trends,False,False
HhldFA,% Female householder with no spouse/partner living alone,number,60.0,,"county-2020, county-2023, tract-2020, tract-2023, zcta-2020, zcta-2023",Household_Characteristics,False,False
HhldFC,% Female householder with no spouse/partner living with children under 18 years,number,60.0,,"county-2020, county-2023, tract-2020, tract-2023, zcta-2020, zcta-2023",Household_Characteristics,False,False
HhldFS,% Female householder 65 years and over living alone,number,60.0,,"county-2020, county-2023, tract-2020, tract-2023, zcta-2020, zcta-2023",Household_Characteristics,False,False
HhldMA,% Male householder with no spouse/partner living alone,number,60.0,,"county-2020, county-2023, tract-2020, tract-2023, zcta-2020, zcta-2023",Household_Characteristics,False,False
HhldMC,% Male householder with no spouse/partner living with children under 18 years,number,60.0,,"county-2020, county-2023, tract-2020, tract-2023, zcta-2020, zcta-2023",Household_Characteristics,False,False
HhldMS,% Male householder 65 years and over living alone,number,60.0,,"county-2020, county-2023, tract-2020, tract-2023, zcta-2020, zcta-2023",Household_Characteristics,False,False
HisE,Count Hispanic/Latinx Population,number,60.0,Count persons with ethnicity identified as of Hispanic or Latinx origin. Estimated count in non-decennial years.,"county-1980, county-1990, county-2000, county-2010, county-2018, county-2023, state-1980, state-1990, state-2000, state-2010, state-2018, state-2023, tract-1980, tract-1990, tract-2000, tract-2010, tract-2018, tract-2023, zcta-2018, zcta-2023",Race_Ethnicity,False,False
HisP,% Population with ethnicity identified as of Hispanic or Latinx origin,number,60.0,,"county-1980, county-1990, county-2000, county-2020, county-2023, state-1980, state-1990, state-2000, state-2018, state-2023, tract-1990, tract-2000, tract-2020, tract-2023, zcta-2020, zcta-2023",Race_Ethnicity,False,False
HispP,% Hispanic/Latinx Population,number,25.95,Percentage of population with ethnicity identified as of Hispanic or Latinx origin,"county-1980, county-1990, county-2000, county-2010, county-2018, state-1980, state-1990, state-2000, state-2010, state-2018, tract-1980, tract-1990, tract-2000, tract-2010, tract-2018, zcta-2018",Race_Ethnicity,True,False
HivAvTmDr,Average time drive to nearest HIV provider,number,42.45,Mean driving time (minutes) from tracts to nearest HIV testing provider,,Access_HCVTesting,False,False
HivCntDr,Count of HIV Providers,integer,42,Number of HIV testing providers within a 30-minute drive,,Access_HCVTesting,False,False
HivCtTmDr,Count of tracts within 30-min driving range,integer,42,Number of tracts with an HIV testing provider within a 30-minute driving range,,Access_HCVTesting,False,False
HivMinDis,Distance to nearest HIV Provider,number,42.45,Euclidean distance* from tract/zip centroid to nearest HIV testing provider (miles),,Access_HCVTesting,False,False
HivTmDr,Driving time to nearest HIV Provider,number,42.45,Driving time from origin to nearest HIV testing provider (minutes),,Access_HCVTesting,False,False
HivTmDrP,Percent of tracts within 30-min driving range,number,42.45,Percent of tracts within 30-minute drive to an HIV testing provider,,Access_HCVTesting,False,False
HltCrP,Employed % - Health Care,number,13.13,Percentage of population employed in health care and social assistance industries,"county-2018, county-2020, county-2023, state-2018, tract-2018, tract-2020, tract-2023, zcta-2018, zcta-2020, zcta-2023",Employment_Trends,False,False
HlthExp,Public health expenditures,integer,1897193,Total expenditures on public health and hospitals,"state-2019, state-2020, state-2021, state-2022",Public_Expenditures,False,False
HospAvTmDr,Avg. Driving Time to nearest Hospital,number,13.13,Average driving time (minutes) across tracts in state to nearest hospital.,"county-2020, state-2020",Access_Hospitals,False,False
HospCntDr,Count of Hospitals (30-min drive),integer,6,Count of hospitals within a 30-minute driving threshold,"tract-2020, zcta-2020",Access_Hospitals,False,False
HospCtTmDr,Tracts with Hospital (30-min drive),integer,1334,Number of tracts with hospital within a 30-min driving range,"county-2020, state-2020",Access_Hospitals,False,False
HospMinDis,Distance (mi) to nearest Hospital,number,0.31,"Euclidean distance* from tract/zip centroid to nearest hospital, in miles","tract-2020, zcta-2020",Access_Hospitals,False,False
HospTmDr,Driving time (min) to nearest Hospital,number,0,"Driving time from tract/zip origin centroid to the nearest tract/zip hospital destination centroid, in minutes","tract-2020, zcta-2020",Access_Hospitals,False,True
HospTmDrP,% Tracts within 30-min Drive of Hospital,number,0.92,Percent of tracts with hospital within a 30-mini driving range,"county-2020, state-2020",Access_Hospitals,False,False
HsdTot,Total households,number,60.0,,"county-2020, county-2023, tract-2020, tract-2023, zcta-2020, zcta-2023",Household_Characteristics,False,False
HsdTypCo,% Cohabiting couple household,number,60.0,,"county-2020, county-2023, tract-2020, tract-2023, zcta-2020, zcta-2023",Household_Characteristics,False,False
HsdTypM,% Married-couple household ,number,60.0,,"county-2020, county-2023, tract-2020, tract-2023, zcta-2020, zcta-2023",Household_Characteristics,False,False
HsdTypMC,% Married-couple household With children under 18 years,number,60.0,,"county-2020, county-2023, tract-2020, tract-2023, zcta-2020, zcta-2023",Household_Characteristics,False,False
HspHcvD,Hepatitis C Deaths - Hispanic,integer,32,Hepatitis C deaths among hispanic populations,"state-2013, state-2014, state-2015, state-2016, state-2017, state-2018, state-2019, state-2020, state-2021, state-2022",HepatitisC_Rates,False,False
IntrAsWht,Segregation: Interaction (Asian),number,0.75,Area (in square meters) of park or green space in a state).,"county-2018, county-2023, state-2018, state-2023, zcta-2018, zcta-2023",Residential_Segregation,False,False
IntrBlkWht,Segregation: Interaction (Black),number,0.71,Interaction index for Black and non-Hispanic White residents,"county-2018, county-2023, state-2018, state-2023, zcta-2018, zcta-2023",Residential_Segregation,False,False
IntrHspWht,Segregation: Interaction (Hispanic),number,0.71,Interaction index for Hispanic and non-Hispanic White residents,"county-2018, county-2023, state-2018, state-2023, zcta-2018, zcta-2023",Residential_Segregation,False,False
IsoAs,Segregation: Isolation (Asian),number,0.04,Isolation index for Asian and non-Hispanic White residents,"county-2018, county-2023, state-2018, state-2023, zcta-2018, zcta-2023",Residential_Segregation,False,False
IsoBlk,Segregation: Isolation (Black),number,0.03,Isolation index for Black and non-Hispanic White residents,"county-2018, county-2023, state-2018, state-2023, zcta-2018, zcta-2023",Residential_Segregation,False,False
IsoHsp,Segregation: Isolation (Hispanic),number,0.19,Isolation index for Hispanic and non-Hispanic White residents,"county-2018, county-2023, state-2018, state-2023, zcta-2018, zcta-2023",Residential_Segregation,False,False
LibPerCap,Libraries per Capita,number,0.125,Libraries per capita by census tract,"tract-2018, tract-2023",Social_Capital,False,False
LimMobInd,Limited Moblility Index,number,0.54,Raw Limited Mobility Index (https://sdohatlas.github.io/),tract-sdoh-2014,SDOH_Indices,False,True
LngTermP,Long-Term Occupancy %,number,19.99,Percentage of population who moved into their current housing more than 20 years ago,"county-2018, county-2020, county-2023, state-2018, tract-2018, tract-2020, tract-2023, zcta-2018, zcta-2020, zcta-2023",Housing_Variables,False,False
MaleP,% Population that is Male,number,60.0,,"county-1980, county-1990, county-2000, county-2010, county-2018, county-2020, county-2023, state-1980, state-1990, state-2000, state-2010, state-2018, state-2023, tract-1980, tract-1990, tract-2000, tract-2010, tract-2018, tract-2020, tract-2023, zcta-2018, zcta-2020, zcta-2023",Demographic_Characteristics,False,False
MdMarijLaw,Laws authorizing medical marijuana use ,boolean,1,"Dummy variable, indicating whether state has a law authorizing adults to use medical marijuana (0=no, 1=yes)","state-2017, state-2018, state-2019, state-2020, state-2021, state-2022, state-2023",Medical_Marijuana_Laws,False,False
MedAge,Median age,number,60.0,,"county-2020, county-2023, tract-2020, tract-2023, zcta-2020, zcta-2023",Demographic_Characteristics,False,False
MedHsgTen,Median Housing Tenure,string,10to17,Median time period occupant moved into housing unit by tract,"tract-2018, tract-2023",Social_Capital,False,False
MedInc,Median Income,integer,34148,Median income for individuals in the past 12 months (in 2018 inflation-adjusted dollars),"county-2010, county-2018, county-2020, county-2023, state-2010, state-2018, tract-2010, tract-2018, tract-2020, tract-2023, zcta-2018, zcta-2020, zcta-2023",Economic_Characteristics,False,False
MedcdExp,Total Medicaid Spending,integer,12037465400,Total medicaid spending,"state-2018, state-2019, state-2023",Medical_Expenditures,False,False
MetAvTmBk,Biking Time (min) to Nearest Methadone Provider,number,6.32958333333333,Average biking time (minutes) across tracts in county to nearest methadone provider,county-2020,Access_MOUDs,False,False
MetAvTmDr,Driving Time (min) to Nearest Methadone Provider,number,2.6,Average driving time (minutes) across tracts in county to nearest methadone provider,county-2020,Access_MOUDs,False,False
MetAvTmWk,Walking Time (min) to Nearest Methadone Provide,number,13.7240277777778,Average walking time (minutes) across tracts in county to nearest methadone provider,county-2020,Access_MOUDs,False,False
MetCntBk30,Count of methadone providers (30-min bike),integer,0,Count of methadone providers in 30 minute biking time threshold,"tract-2020, zcta-2020",Access_MOUDs,False,False
MetCntBk60,Count of Methadone Providers (60-min bike),integer,0,Count of methadone providers in 60 minute biking time threshold,"tract-2020, zcta-2020",Access_MOUDs,False,False
MetCntDr30,Count of Methadone Providers (30-min drive),integer,1,Count of methadone providers in 30 minute drive time threshold,"tract-2020, zcta-2020",Access_MOUDs,False,False
MetCntDr60,Count of methadone providers (drive),number,121.0,Count of methadone providers in 60 minute drive time threshold,,Access_MOUDs,False,False
MetCntWk30,Count of Methadone Providers (60-min walk),integer,0,Count of methadone providers in 60 minute walking time threshold,"tract-2020, zcta-2020",Access_MOUDs,False,False
MetCntWk60,Count of Methadone Providers (30-min walk),integer,0,Count of methadone providers in 30 minute walking time threshold,"tract-2020, zcta-2020",Access_MOUDs,False,False
MetCtTmBk,Tracts with Methadone Provider within 30-min (biking),integer,285,Number of tracts with methadone provider within a 30-min biking range,county-2020,Access_MOUDs,False,False
MetCtTmDr,Tracts with Methadone Provider within 30-min (driving),integer,288,Number of tracts with methadone provider within a 30-min driving range,county-2020,Access_MOUDs,False,False
MetCtTmWk,Tracts with Methadone Provider within 30-min (walking),integer,272,Number of tracts with methadone provider within a 30-min walking range,county-2020,Access_MOUDs,False,False
MetMinDis,Distance (mi) to nearest Methadone Provider,number,13.22,Euclidean distance (miles) to nearest methadone provider,"tract-2020, zcta-2020",Access_MOUDs,False,False
MetRm30,Methadone access 30 minutes (RAAM),number,1.232,Methadone access 30 minutes (RAAM),"tract-1980, tract-1990, tract-2000, tract-2010, tract-2020",Access_MOUDs,False,False
MetRm60,Methadone access 60 minutes (RAAM),number,1.232,Methadone access 60 minutes (RAAM),"tract-1980, tract-1990, tract-2000, tract-2010, tract-2020",Access_MOUDs,False,False
MetRm90,Methadone access 90 minutes (RAAM),number,1.232,Methadone access 90 minutes (RAAM),"tract-1980, tract-1990, tract-2000, tract-2010, tract-2020",Access_MOUDs,False,False
MetTmBk,Biking Time (min) to nearest Methadone Provider,number,148.18,Biking time (minutes) to nearest methadone provider,"county-2025, state-2025, tract-2020, zcta-2020",Access_MOUDs,False,True
MetTmBkP,% Tracts With Methadone Provider (30-min bike),number,0.99,Percent of tracts with methadone provider within a 30-min biking range,county-2020,Access_MOUDs,False,False
MetTmDr,Driving Time (min) to nearest Methadone Provider,number,27.39,Driving time (minutes) to nearest methadone provider,"county-2025, state-2025, tract-2020, zcta-2020",Access_MOUDs,False,True
MetTmDrP,% Tracts With Methadone Provider (30-min drive),number,1,Percent of tracts with methadone provider within a 30-min driving range,county-2020,Access_MOUDs,False,False
MetTmWk,Walking Time (min) to nearest Methadone Provider,number,1744.66,Walking time (minutes) to nearest methadone provider,"county-2025, state-2025, tract-2020, zcta-2020",Access_MOUDs,False,True
MetTmWkP,% Tracts With Methadone Provider (30-min walk),number,0.94,Percent of tracts with methadone provider within a 30-min walking range,county-2020,Access_MOUDs,False,False
MhAvTmDr,Driving Time (min) to nearest Mental Health Provider,number,11.42,Average driving time (minutes) across tracts in state to nearest mental health provider.,"county-2020, state-2020",Access_Mental_Health,False,False
MhCntDr,Count of Mental Health Providers (30-min drive),integer,3,Count of MH providers within a 30-minute driving threshold,"tract-2020, zcta-2020",Access_Mental_Health,False,False
MhCtTmDr,Tracts with Mental Health Provider (30-min drive),integer,1342,Number of tracts with a mental health provider within a 30-min driving range.,"county-2020, state-2020",Access_Mental_Health,False,False
MhMinDis,Distance (mi) to nearest Mental Health Provider,number,0.2,"Euclidean distance* from tract/zip centroid to nearest mental health provider, in miles","tract-2020, zcta-2020",Access_Mental_Health,False,False
MhTmDr,Driving Time (min) to nearest Mental Health Provider,number,0,"Driving time from tract/zip origin centroid to the nearest tract/zip mental health provider destination centroid, in minutes","tract-2020, zcta-2020",Access_Mental_Health,False,True
MhTmDrP,% Tracts with Mental Health Provider (30-min drive),number,0.92,Percent of tracts with a mental health provider within a 30-min driving range.,"county-2020, state-2020",Access_Mental_Health,False,False
MicaInd,Mixed Immigrant Cohesion and Accesibility (MICA) Index,number,0.59,Raw Mixed Immigrant Cohesion and Accessibility (MICA) Index (https://sdohatlas.github.io/),tract-sdoh-2014,SDOH_Indices,False,True
MlHcv,Yearly Hepatitis C cases - Men (2013-2016),number,37500,Mean yearly Hepatitis C cases in men from 2013-2016,state-2017,HepatitisC_Rates,False,False
MlHcvD,Hepatitis C Deaths - Men,integer,417,Hepatitis C deaths among men,"state-2013, state-2014, state-2015, state-2016, state-2017, state-2018, state-2019, state-2020, state-2021, state-2022",HepatitisC_Rates,False,False
MobileP,Mobile Homes %,number,6.39,Percentage of total housing units categorized as mobile housing structures,"county-2018, county-2020, county-2023, state-2018, tract-2018, tract-2020, tract-2023, zcta-2018, zcta-2020, zcta-2023",Housing_Variables,False,False
MoudMinDis,Distance (mi) to nearest MOUD (any),number,0.81,Euclidean distance (miles) to nearest MOUD (all types),"tract-2020, zcta-2020",Access_MOUDs,False,False
MrrdP,% Males aged 15 or older who are married and living with their spouse,number,60.0,,"county-2020, county-2023, tract-2020, tract-2023, zcta-2020, zcta-2023",Marital_Status,False,False
MsAcPdmpDt,Must-Access PDMP start date,date,7/1/2014,Date of legislation requiring Prescribers to access PDMP before prescribing as interpreted by PDAPS.,"state-2017, state-2018, state-2019, state-2020, state-2021, state-2022, state-2023",PDMP_Presence,False,False
MsAcPdmpFr,Must-Access PDMP (fraction of year in 2017),number,0,Fraction of year that state has any legislation requiring Prescribers to access PDMP before prescribing (as interpreted by PDAPS) enacted.,"state-2017, state-2018, state-2019, state-2020, state-2021, state-2022, state-2023",PDMP_Presence,False,False
MulHcvD,Hepatitis C deaths among Multiple Race populations ,number,60.0,,"state-2018, state-2019, state-2020, state-2021, state-2022",HepatitisC_Rates,False,False
NaltAvTmBk,Biking Time (min) to Nearest Naltrexone Provider,number,3.80180555555556,Average biking time (minutes) across tracts in county to nearest naltrexone provider,county-2020,Access_MOUDs,False,False
NaltAvTmDr,Driving Time (min) to Nearest Naltrexone Provider,number,1.61,Average driving time (minutes) across tracts in county to nearest naltrexone provider,county-2020,Access_MOUDs,False,False
NaltAvTmWk,Walking Time (min) to Nearest Naltrexone Provider,number,7.40684027777778,Average walking time (minutes) across tracts in county to nearest naltrexone provider,county-2020,Access_MOUDs,False,False
NaltCntBk30,Count of Naltrexone Providers (30-min bike),integer,0,Count of naltrexone providers in 30 minute biking time threshold,"tract-2020, zcta-2020",Access_MOUDs,False,False
NaltCntBk60,Count of Naltrexone Providers (60-min bike),integer,0,Count of naltrexone providers in 60 minute biking time threshold,"tract-2020, zcta-2020",Access_MOUDs,False,False
NaltCntDr30,Count of Naltrexone Providers (30-min drive),integer,0,Count of naltrexone providers in 30 minute drive time threshold,"tract-2020, zcta-2020",Access_MOUDs,False,False
NaltCntDr60,Count of naltrexone providers (drive),number,121.0,Count of naltrexone providers in 60 minute drive time threshold,,Access_MOUDs,False,False
NaltCntWk30,Count of Naltrexone Providers (30-min walk),integer,0,Count of naltrexone providers in 30 minute walking time threshold,"tract-2020, zcta-2020",Access_MOUDs,False,False
NaltCntWk60,Count of Naltrexone Providers (60-min walk),integer,0,Count of naltrexone providers in 60 minute walking time threshold,"tract-2020, zcta-2020",Access_MOUDs,False,False
NaltCtTmBk,Tracts with Naltrexone Provider within 30-min (biking),integer,287,Number of tracts with naltrexone provider within a 30-min biking range,county-2020,Access_MOUDs,False,False
NaltCtTmDr,Tracts with Naltrexone Provider within 30-min (driving),integer,288,Number of tracts with naltrexone provider within a 30-min driving range,county-2020,Access_MOUDs,False,False
NaltCtTmWk,Tracts with Naltrexone Provider within 30-min (walking),integer,287,Number of tracts with naltrexone provider within a 30-min walking range,county-2020,Access_MOUDs,False,False
NaltMinDis,Distance (mi) to nearest Naltrexone Provider,number,18.04,Euclidean distance (miles) to nearest naltrexone/Vivitrol provider,"tract-2020, zcta-2020",Access_MOUDs,False,False
NaltRm30,Naltrexone access 30 minutes (RAAM),number,1.232,Naltrexone access 30 minutes (RAAM),tract-2020,Access_MOUDs,False,False
NaltRm60,Naltrexone access 60 minutes (RAAM),number,1.232,Naltrexone access 60 minutes (RAAM),tract-2020,Access_MOUDs,False,False
NaltRm90,Naltrexone access 90 minutes (RAAM),number,1.232,Naltrexone access 90 minutes (RAAM),tract-2020,Access_MOUDs,False,False
NaltTmBk,Biking Time (min) to nearest Naltrexone Provider,number,165.18,Biking time (minutes) to nearest naltrexone provider,"county-2025, state-2025, tract-2020, zcta-2020",Access_MOUDs,False,True
NaltTmBkP,% Tracts With Naltrexone Provider (30-min bike),number,1,Percent of tracts with naltrexone provider within a 30-min biking range,county-2020,Access_MOUDs,False,False
NaltTmDr,Driving Time (min) to nearest Naltrexone Provider,number,35.34,Driving time (minutes) to nearest naltrexone provider,"county-2025, state-2025, tract-2020, zcta-2020",Access_MOUDs,False,True
NaltTmDrP,% Tracts With Naltrexone Provider (30-min drive),number,1,Percent of tracts with naltrexone provider within a 30-min driving range,county-2020,Access_MOUDs,False,False
NaltTmWk,Walking Time (min) to nearest Naltrexone Provider,number,,Walking time (minutes) to nearest naltrexone provider,"county-2025, state-2025, tract-2020, zcta-2020",Access_MOUDs,False,True
NaltTmWkP,% Tracts With Naltrexone Provider (30-min walk),number,1,Percent of tracts with naltrexone provider within a 30-min walking range,county-2020,Access_MOUDs,False,False
NalxPrStDt,Naloxone Law allowing distribution through a standing or order (date),date,8/1/2015,Date (MY) Naloxone law allowing distribution through a standing or protocol order effective,"state-2017, state-2018, state-2019, state-2020, state-2021, state-2022",Naloxone_Policy,False,False
NalxPrStFr,Naloxone Law in Effect (fraction of year in 2017),number,1,Fraction of year state has an effective Naloxone law allowing distribution through a standing or protocol order,"state-2017, state-2018, state-2019, state-2020, state-2021, state-2022",Naloxone_Policy,False,False
NalxPresDt,Naloxone Law allowing pharmacists prescriptive authority (date),date,5/1/2014,Date (MY) Naloxone law allowing pharmacists prescriptive authority effective,"state-2017, state-2018, state-2019, state-2020, state-2021, state-2022",Naloxone_Policy,False,False
NalxPresFr,Naloxone Law allowing pharmacists prescriptive authority (fraction of year in 2017),number,0,Fraction of year state has an effective Naloxone law allowing pharmacists prescriptive authority,"state-2017, state-2018, state-2019, state-2020, state-2021, state-2022",Naloxone_Policy,False,False
Ndvi,NDVI Average,number,0.06,"Average normalized difference vegetation index, a measure of greenness used to determine the amount of vegetation in an area, value from all pixel values in each Census tract","county-2018, state-2018, tract-2018, zcta-2018",Greenspace_Measures,False,False
NeighbTyp,Neighborhood Type,string,3,"Categorical, one of seven neighborhood (tract-level) typologies: 1 = Rural Affordable; 2 = Suburban Affluent; 3 = Suburban Affordable; 4 = Extreme Poverty; 5 = Multilingual Working; 6 = Urban Core Opportunity; 7 = Sparse Areas",tract-sdoh-2014,SDOH_Indices,False,False
NhPiHcvD,Hepatitis C deaths among Native Hawaiian and Pacific Islander populations ,number,60.0,,"state-2018, state-2019, state-2020, state-2021, state-2022",HepatitisC_Rates,False,False
NoIntP,Households without Internet Access %,number,8.79,Percentage of Households without Internet access,"county-2019, state-2019, tract-2019, zcta-2019",Internet_Access,False,False
NoLwRmUnc,Laws removing barriers to SSPs,boolean,0,"Dummy variable indicating whether the state has no law removing barriers or uncertainty as to SSP legality (0=no, 1=yes)",state-2019,Syringe_Policy,False,False
NoPrphLw,Drug Paraphernalia Laws,boolean,0,"Dummy variable indicating whether the state has no state drug paraphernalia law (0=no, 1=yes)",state-2019,Syringe_Policy,False,False
NonBlkHcv,Yearly Hepatitis C cases - non-Black (2013-2016),number,49000,Mean yearly Hepatitis C cases in populations non-Black other race/ethnicity populations 2013-2016,state-2017,HepatitisC_Rates,False,False
NonRelFhhP,% Nonrelatives in Family Households,number,3.35,Percent of people living in family households that are not related to family,"county-2018, county-2020, county-2023, state-2018, tract-2018, tract-2020, tract-2023, zcta-2018, zcta-2020, zcta-2023",Household_Characteristics,False,False
NonRelNfhhP,% Nonrelatives in Non-family Households,number,25.61,Percent of people living in non-family households that are not related,"county-2018, county-2020, county-2023, state-2018, tract-2018, tract-2020, tract-2023, zcta-2018, zcta-2020, zcta-2023",Household_Characteristics,False,False
NtPrFrDsSy,Distribution of Syringes Laws,boolean,0,"Dummy variable indicating whether the state law does not prohibit free distribution of syringes (0=no, 1=yes)",state-2019,Syringe_Policy,False,False
NvMrrdP,% Males aged 15 or older who never got married,number,60.0,,"county-2020, county-2023, tract-2020, tract-2023, zcta-2020, zcta-2023",Marital_Status,False,False
O75HcvD,Hepatitis C Deaths - Over 75 years old,integer,17,Hepatitis C deaths among populations over 75 years of age,"state-2013, state-2014, state-2015, state-2016, state-2017, state-2018, state-2019, state-2020, state-2021, state-2022",HepatitisC_Rates,False,False
OccupantP,% Occupied housing units,number,60.0,,"county-2020, county-2023, tract-2020, tract-2023, zcta-2020, zcta-2023",Household_Characteristics,False,False
OdMortRt,Overdose Mortality Rate,number,13.3,Overdose mortality rate,"county-2014, county-2015, county-2016, county-2017, county-2018, county-2019, county-2020, county-2021, state-2014, state-2015, state-2016, state-2017, state-2018, state-2019, state-2020, state-2021, state-2022",Opioid_Outcomes,False,False
OdMortRtAv,Overdose Mortality Rate Average (2016-2020),number,20.58,Average overdose mortality rate from 2016-2020,"county-2020, state-2020",Opioid_Outcomes,False,False
OpPdmpDt,Operational PDMP start date,date,1/1/2012,"Date when a â€œmodern systemâ€ became operational and users could access. Source: Horowitz et al., 2018, Table 2, column 4. This definition includes specific caveats adopted by Horowitz et al., 2018, described further below in Notes.","state-2017, state-2018, state-2019, state-2020, state-2021, state-2022, state-2023",PDMP_Presence,False,False
OpPdmpFr,Operational PDMP (fraction of year in 2017),number,1,"Fraction of year that state has a â€œmodern systemâ€ operational and users could access (as determined by Horowitz et al., 2018).","state-2017, state-2018, state-2019, state-2020, state-2021, state-2022, state-2023",PDMP_Presence,False,False
OpRxRt,Opioid Prescription Rate,number,39.5,Opioid prescription rate,"county-2020, county-2022, state-2020, state-2022",Opioid_Outcomes,False,False
OtherE,Count Other (race) Population,number,16.48,Count of Population with race not mentioned in any of the options above (includes two race or more races). Estimated count in non-decennial years.,"county-2010, county-2018, county-2023, state-2010, state-2018, state-2023, tract-2010, tract-2018, tract-2023, zcta-2018, zcta-2023",Race_Ethnicity,True,False
OtherP,% Other (race) Population,number,16.48,Percentage of Population with race not mentioned in any of the options above (includes two race or more races),"county-1980, county-1990, county-2000, county-2010, county-2018, county-2020, county-2023, state-1980, state-1990, state-2000, state-2010, state-2018, state-2023, tract-1980, tract-1990, tract-2000, tract-2010, tract-2018, tract-2020, tract-2023, zcta-2018, zcta-2020, zcta-2023",Race_Ethnicity,True,False
OtpAvTmDr,Driving Time (min) to nearest Opioid Treatment Program (OTP),number,24.18,Average driving time (minutes) across tracts to nearest opioid treatment program.,"county-2021, state-2021",Access_MOUDs,False,False
OtpCntDr,Count of Opioid Treatment Programs (OTP) (30-min drive),integer,1,Count of OTPs within a 30-minute driving threshold,"tract-2021, zcta-2021",Access_MOUDs,False,False
OtpCtTmDr,Tracts with Opioid Treatment Program (OTP) (30-min drive),integer,1092,Number of tracts within 30-min of opioid treatment program driving range,"county-2021, state-2021",Access_MOUDs,False,False
OtpMinDis,Distance to nearest OTP,number,121.0,"Euclidean distance* from tract/zip centroid to nearest OTP service location, in miles","tract-2021, zcta-2021",Access_MOUDs,False,False
OtpTmDr,Driving Time (min) to nearest Opioid Treatment Program (OTP),number,27.39,"Driving time from tract/zip origin centroid to the nearest tract/zip OTP destination centroid, in minutes","tract-2021, zcta-2021",Access_MOUDs,False,True
OtpTmDrP,% Tracts with Opioid Treatment Program (OTP) (30-min drive),number,0.75,Percent of tracts within a 30-minute drive time of an opioid treatment program.,"county-2021, state-2021",Access_MOUDs,False,False
Ov75Hcv,Yearly Hepatitis C cases - Over 75 years old (2013-2016),number,1600,Mean yearly Hepatitis C cases in people over 75 years of age from 2013-2016,state-2017,HepatitisC_Rates,False,False
Ovr16,Count persons over 16 years,number,60,,"county-1980, county-1990, county-2000, county-2018, county-2023, state-1980, state-1990, state-2000, state-2018, state-2023, tract-1980, tract-1990, tract-2000, tract-2018, tract-2023, zcta-2018, zcta-2023",Demographic_Characteristics,False,False
Ovr16P,% Population over 16 years,number,60.0,,"county-1980, county-1990, county-2000, county-2010, county-2018, county-2020, county-2023, state-1980, state-1990, state-2000, state-2010, state-2018, state-2023, tract-1980, tract-1990, tract-2000, tract-2010, tract-2018, tract-2020, tract-2023, zcta-2018, zcta-2020, zcta-2023",Demographic_Characteristics,False,False
Ovr18,Count persons over 18 years,number,60,,"county-1980, county-1990, county-2000, county-2018, county-2023, state-1980, state-1990, state-2000, state-2018, state-2023, tract-1980, tract-1990, tract-2000, tract-2018, tract-2023, zcta-2018, zcta-2023",Demographic_Characteristics,False,False
Ovr18P,% Population over 18 years,number,60.0,,"county-1980, county-1990, county-2000, county-2010, county-2018, county-2020, county-2023, state-1980, state-1990, state-2000, state-2010, state-2018, state-2023, tract-1980, tract-1990, tract-2000, tract-2010, tract-2018, tract-2020, tract-2023, zcta-2018, zcta-2020, zcta-2023",Demographic_Characteristics,False,False
Ovr21,Count persons over 21 years,number,60,,"county-1980, county-1990, county-2000, county-2018, county-2023, state-1980, state-1990, state-2000, state-2018, state-2023, tract-1980, tract-1990, tract-2000, tract-2018, tract-2023, zcta-2018, zcta-2023",Demographic_Characteristics,False,False
Ovr21P,% Population over 21 years,number,60.0,,"county-1980, county-1990, county-2000, county-2010, county-2018, county-2020, county-2023, state-1980, state-1990, state-2000, state-2010, state-2018, state-2023, tract-1980, tract-1990, tract-2000, tract-2010, tract-2018, tract-2020, tract-2023, zcta-2018, zcta-2020, zcta-2023",Demographic_Characteristics,False,False
Ovr62P,% Population over 62 years,number,60.0,,"county-2020, county-2023, tract-2020, tract-2023, zcta-2020, zcta-2023",Demographic_Characteristics,False,False
Ovr65,% Population: Age 65+,number,11.24,Percentage of population between ages of 15 & 24,"county-1980, county-1990, county-2000, county-2018, county-2023, state-1980, state-1990, state-2000, state-2018, state-2023, tract-1980, tract-1990, tract-2000, tract-2018, tract-2023, zcta-2018, zcta-2023",Demographic_Characteristics,True,False
Ovr65P,% Population: Age 65+,number,15.77,Percentage of population over 65,"county-1980, county-1990, county-2000, county-2010, county-2018, county-2020, county-2023, state-1980, state-1990, state-2000, state-2010, state-2018, state-2023, tract-1980, tract-1990, tract-2000, tract-2010, tract-2018, tract-2020, tract-2023, zcta-2018, zcta-2020, zcta-2023",Demographic_Characteristics,True,False
PacIsE,Count Native Hawaiian & Other PI Population,number,0.05,Count population with race identified as Native Hawaiian and Other Pacific Islander alone. Estimated count in non-decennial years.,"county-1980, county-1990, county-2000, county-2010, county-2018, county-2023, state-1980, state-1990, state-2000, state-2010, state-2018, state-2023, tract-1980, tract-1990, tract-2000, tract-2010, tract-2018, tract-2023, zcta-2018, zcta-2023",Race_Ethnicity,True,False
PacIsP,% Native Hawaiian & Other PI Population,number,0.05,Percentage of population with race identified as Native Hawaiian and Other Pacific Islander alone,"county-1980, county-1990, county-2000, county-2010, county-2018, county-2020, county-2023, state-1980, state-1990, state-2000, state-2010, state-2018, state-2023, tract-1980, tract-1990, tract-2000, tract-2010, tract-2018, tract-2020, tract-2023, zcta-2018, zcta-2020, zcta-2023",Race_Ethnicity,True,False
ParkArea,Park Area,number,39296898972.47,Area (in square meters) of park or green space in a state).,state-2022,Greenspace_Measures,False,False
PciE,Per Capita Income,integer,36888,Per capita income for individuals in the past 12 months (in 2018 inflation-adjusted dollars),"county-2010, county-2018, county-2020, county-2023, state-2010, state-2018, tract-2010, tract-2018, tract-2020, tract-2023, zcta-2018, zcta-2020, zcta-2023",Economic_Characteristics,False,False
PcpPer100k,Primary Care Physicians (PCP) per 100k,number,133.42,"PCPs per total Population X 100,000","county-providers-2010, tract-providers-2010",Healthcare_Provider_Access,False,True
PctBupT,% Tracts within 30-min Drive of Buprenorphine Provider,number,0.96,Percent of tracts with buprenorphine provider within a 30-min driving range,state-2020,Access_MOUDs,False,False
PctMetT,% Tracts within 30-min Drive of Methadone Provider,number,0.68,Percent of tracts with methadone provider within a 30-min driving range,state-2020,Access_MOUDs,False,False
PctNaltT,% Tracts within 30-min Drive of Naltrexone Provider,number,0.91,Percent of tracts with naltrexone provider within a 30-min driving range,state-2020,Access_MOUDs,False,False
PlcFyrExp,Police & fire expenditures,integer,1897193,Total expenditures on police and fire protection,"state-2019, state-2020, state-2021, state-2022",Public_Expenditures,False,False
PovP,Poverty %,number,16.6,Number of individuals earning below the poverty income threshold as a percentage of the total population,"county-1980, county-1990, county-2000, county-2010, county-2018, county-2020, county-2023, state-1980, state-1990, state-2000, state-2010, state-2018, tract-1980, tract-1990, tract-2000, tract-2010, tract-2018, tract-2020, tract-2023, zcta-2018, zcta-2020, zcta-2023",Economic_Characteristics,True,False
PrExcInj,Paraphernalia exludes objects used for injecting drugs,boolean,0,"Dummy variable indicating whether the paraphernalia definition in the state law explicitly exludes objects used for injecting drugs (0=no, 1=yes)",state-2019,Syringe_Policy,False,False
PrMsuseP,% Self-Report Misuse of Prescription Pain Medication (2020),number,4.15,Percent of persons who self-report misusing prescription pain relief medication in 2020.,"state-2020, state-2022",Opioid_Outcomes,False,False
PrNtRefInj,Paraphernalia does not refer to objects used for injecting drugs,boolean,0,"Dummy variable indicating whether the paraphernalia definition in the state law does not refer to objects used for injecting drugs (0=no, 1=yes)",state-2019,Syringe_Policy,False,False
PrcNtvRsrv,Native American & Tribal Lands,number,0.42,Percentage of county land area that belongs to Native American reservation(s),county-2017,Unique_Communities,False,False
RcaRuralP,% Tracts Rural (RUCA),number,0.01,Percent census tracts in the county classified as Rural using RUCA codes,county-2018,Urbanicity,False,False
RcaSubrbP,% Tracts Suburban (RUCA),number,0,Percent census tracts in the county classified as Suburban using RUCA codes,county-2018,Urbanicity,False,False
RcaUrbanP,% Tracts Urban (RUCA),number,0.99,Percent census tracts in the county classified as Urban using RUCA codes,county-2018,Urbanicity,False,False
RentalP,Rentals %,number,37.28,Percentage of occupied housing units that are rented,"county-2018, county-2020, county-2023, state-2018, tract-2018, tract-2020, tract-2023, zcta-2018, zcta-2020, zcta-2023",Housing_Variables,False,False
RetailP,Employed % - Retail,number,11.7,Percentage of population employed in retail trade industry,"county-2018, county-2020, county-2023, state-2018, tract-2018, tract-2020, tract-2023, zcta-2018, zcta-2020, zcta-2023",Employment_Trends,False,False
RlgPerCap,Religious institutions per capita,number,0.125,Religious institutions per capita by census tract,"tract-2018, tract-2023",Social_Capital,False,False
RspRt,Response Rate,number,94.7,Percent of units interviewed from total units intended for interview,"county-2018, county-2023",Social_Capital,False,False
Ruca1,Primary RUCA Code,string,1,Primary RUCA Code,"tract-ruca-2010, zcta-ruca-2010",Urbanicity,False,False
Ruca2,Secondary RUCA Code,string,1.1,Secondary RUCA Code,"tract-ruca-2010, zcta-ruca-2010",Urbanicity,False,False
Rurality,Urban-Suburban-Rural,string,Urban,Urban/Suburban/Rural,"tract-ruca-2010, zcta-ruca-2010",Urbanicity,False,True
RxAvTmDr,Avg. Driving Time (min) to nearest Pharmacy ,number,5.97,Average driving time (minutes) across tracts in state to nearest pharmacy.,"county-2019, state-2019",Access_Pharmacies,False,False
RxCntDr,Count of Pharmacies (30-min drive),integer,58,Count of pharmacies within a 30-minute driving threshold,"tract-2019, zcta-2019",Access_Pharmacies,False,False
RxCtTmDr,Tracts with Pharmacy (30-min drive),integer,1406,Number of tracts with pharmacy within a 30-min driving range,"county-2019, state-2019",Access_Pharmacies,False,False
RxMinDis,Distance (mi) to nearest Pharmacy,number,0.84,"Euclidean distance* from tract/zip centroid to nearest pharmacy, in miles","tract-2019, zcta-2019",Access_Pharmacies,False,False
RxTmDr,Driving Time (min) to nearest Pharmacy,number,0,"Driving time from tract/zip origin centroid to the nearest tract/zip pharmacy destination centroid, in minutes","tract-2019, zcta-2019",Access_Pharmacies,False,True
RxTmDrP,% tracts with Pharmacy (30-min drive),number,0.96,Percent of tracts with pharmacy within a 30-min driving range,"county-2019, state-2019",Access_Pharmacies,False,False
SRatio,Sex ratio for the total population (males per 100 females),number,60.0,,"county-1980, county-1990, county-2000, county-2010, county-2018, county-2020, county-2023, state-1980, state-1990, state-2000, state-2010, state-2018, state-2023, tract-1980, tract-1990, tract-2000, tract-2010, tract-2018, tract-2020, tract-2023, zcta-2018, zcta-2020, zcta-2023",Demographic_Characteristics,False,False
SRatio18,Sex ratio among adults aged 18 and older (males per 100 females),number,60.0,,"county-1980, county-1990, county-2000, county-2010, county-2018, county-2020, county-2023, state-1980, state-1990, state-2000, state-2010, state-2018, state-2023, tract-1980, tract-1990, tract-2000, tract-2010, tract-2018, tract-2020, tract-2023, zcta-2018, zcta-2020, zcta-2023",Demographic_Characteristics,False,False
SRatio65,Sex ratio among seniors aged 65 and older (males per 100 females),number,60.0,,"county-1980, county-1990, county-2000, county-2010, county-2018, county-2020, county-2023, state-1980, state-1990, state-2000, state-2010, state-2018, state-2023, tract-1980, tract-1990, tract-2000, tract-2010, tract-2018, tract-2020, tract-2023, zcta-2018, zcta-2020, zcta-2023",Demographic_Characteristics,False,False
SepartedP,% Males aged 15 years and over who are separated from their spouse,number,60.0,,"county-2020, county-2023, tract-2020, tract-2023, zcta-2020, zcta-2023",Marital_Status,False,False
SmokeP,Percentage of Smoking Population,number,0.162,Percentage of Smoking Population,"county-2025, state-2025",Smoking_Population,False,False
SocCapInd,Social Capital Index,number,0.26,"Composite index of LngTermP, LibPerCap, RlgPerCap","tract-2018, tract-2023",Social_Capital,False,False
SocEcAdvIn,Socioeconomic Advantage Index,number,1.17,Raw Socioeconomic Advantage Index (https://sdohatlas.github.io/),tract-sdoh-2014,SDOH_Indices,False,True
SomeCollegeP,"% Population 25 years and over with some college, but no degree",number,60.0,,"county-1980, county-1990, county-2000, county-2010, county-2018, county-2020, county-2023, state-1980, state-1990, state-2000, state-2010, state-2018, state-2023, tract-1980, tract-1990, tract-2000, tract-2010, tract-2018, tract-2020, tract-2023, zcta-2018, zcta-2020, zcta-2023",Educational_Characteristics,False,False
SpPer100k,Specialty Physicians per 100k,number,41.05,"Specialty Physicians per total Population X 100,000","county-providers-2010, tract-providers-2010",Healthcare_Provider_Access,False,False
StateArea,State Area,number,4486028684.18,Area (in square meters) of state,state-2018,Greenspace_Measures,False,False
SutCntDr,Count of Substance Use Treatment (SUT) facility (30-min drive),integer,4,Count of SUT services within a 30-minute driving threshold,"tract-2020, zcta-2020",Access_SubstanceUseTreatment,False,False
SutMinDis,Distance (mi) to Substance Use Treatment (SUT) facility,number,4.99,"Euclidean distance* from tract/zip centroid to nearest SUT service location, in miles","tract-2020, zcta-2020",Access_SubstanceUseTreatment,False,False
SutTmDr,Driving time (min) to Substance Use Treatment (SUT) facility,number,17.76,"Driving time from tract/zip origin centroid to the nearest tract/zip SUT destination centroid, in minutes","tract-2020, zcta-2020",Access_SubstanceUseTreatment,False,True
SutpAvTmDr,Driving Time (min) to nearest Substance Use Treatment program,number,9.96,Average driving time (minutes) across tracts in state to nearest Substance Use Treatment program.,"county-2020, state-2020",Access_SubstanceUseTreatment,False,False
SutpCtTmDr,Tracts with Substance Use Treatment (SUT) program (30-min drive),integer,1364,Number of tracts with Substance Use Treatment within a 30-min driving range.,"county-2020, state-2020",Access_SubstanceUseTreatment,False,False
SutpTmDrP,% tracts with Substance Use Treatment program (30-min drive),number,0.94,Percent of tracts with Substance Use Treatment program within a 30-minute driving range.,"county-2020, state-2020",Access_SubstanceUseTreatment,False,False
SviSmryRnk,Social Vulnerability Index (SVI) Summary Ranking,number,0.38,Overall summary ranking,"county-2018, county-2020, county-2022, tract-2018, tract-2020, tract-2022, zcta-2018, zcta-2022",Social_Vulnerability_Indices,False,False
SviTh1,Social Vulnerability Index (SVI) 1,number,0.43,"SVI Ranking, Theme 1: Socioeconomic","county-2018, county-2020, county-2022, tract-2018, tract-2020, tract-2022, zcta-2018, zcta-2022",Social_Vulnerability_Indices,False,True
SviTh2,Social Vulnerability Index (SVI) 2,number,0.3,"SVI Ranking, Theme 2: Household Composition & Disability","county-2018, county-2020, county-2022, tract-2018, tract-2020, tract-2022, zcta-2018, zcta-2022",Social_Vulnerability_Indices,False,False
SviTh3,Social Vulnerability Index (SVI) 3,number,0.2,"SVI Ranking, Theme 3: Minority Status & Language","county-2018, county-2020, county-2022, tract-2018, tract-2020, tract-2022, zcta-2018, zcta-2022",Social_Vulnerability_Indices,False,False
SviTh4,Social Vulnerability Index (SVI) 4,number,0.61,"SVI Ranking, Theme 4: Housing Type & Transportation","county-2018, county-2020, county-2022, tract-2018, tract-2020, tract-2022, zcta-2018, zcta-2022",Social_Vulnerability_Indices,False,True
TlBupAvTmBk,Average biking time to nearest telehealth buprenorphine provider,number,4.5,Average biking time (minutes) across tracts in county/state to nearest telehealth buprenorphine provider,,Access_MOUDs,False,False
TlBupAvTmDr,Average driving time to nearest telehealth buprenorphine provider,number,4.5,Average driving time (minutes) across tracts in county/state to nearest telehealth buprenorphine provider,,Access_MOUDs,False,False
TlBupAvTmWk,Average walking time to nearest telehealth buprenorphine provider,number,4.5,Average walking time (minutes) across tracts in county/state to nearest telehealth buprenorphine provider,,Access_MOUDs,False,False
TlBupCntBk30,Count of telehealth buprenorphine providers within 30-minute bike ride,integer,44,Total number of providers offering buprenorphine treatment via telemedicine/telehealth located within a 30-minute biking time threshold,,Access_MOUDs,False,False
TlBupCntDr30,Count of telehealth buprenorphine providers within 30-minute drive,integer,42,Total number of providers offering buprenorphine treatment via telemedicine/telehealth located within a 30-minute driving time threshold,,Access_MOUDs,False,False
TlBupCntDr60,Count of telehealth buprenorphine providers within 60-minute drive,integer,42,Total number of providers offering buprenorphine treatment via telemedicine/telehealth located within a 60-minute driving time threshold,,Access_MOUDs,False,False
TlBupCntWk30,Count of telehealth buprenorphine providers within 30-minute walk,integer,44,Total number of providers offering buprenorphine treatment via telemedicine/telehealth located within a 30-minute walking time threshold,,Access_MOUDs,False,False
TlBupCtTmBk30,Count of tracts within 30-min telehealth buprenorphine biking range,integer,44,Number of tracts with telehealth buprenorphine provider within a 30-min biking range,,Access_MOUDs,False,False
TlBupCtTmDr30,Count of tracts within 30-min telehealth buprenorphine driving range,integer,44,Number of tracts with telehealth buprenorphine provider within a 30-min driving range,,Access_MOUDs,False,False
TlBupCtTmDr60,Count of tracts within 60-min telehealth buprenorphine driving range,integer,44,Number of tracts with telehealth buprenorphine provider within a 60-min driving range,,Access_MOUDs,False,False
TlBupCtTmWk30,Count of tracts within 30-min telehealth buprenorphine walking range,integer,44,Number of tracts with telehealth buprenorphine provider within a 30-min walking range,,Access_MOUDs,False,False
TlBupMinDis,Minimum distance to telehealth buprenorphine provider,number,4.5,Euclidean distance (in miles) to the nearest provider offering buprenorphine treatment via telemedicine/telehealth services,"county-2025, state-2025",Access_MOUDs,False,False
TlBupTmBk,Biking time to nearest telehealth buprenorphine provider,number,4.5,Estimated biking time (in minutes) to the nearest provider offering buprenorphine treatment via telemedicine/telehealth services,"county-2025, state-2025",Access_MOUDs,False,False
TlBupTmBk30P,Percent of tracts within 30-min telehealth buprenorphine biking range,number,4.5,Percent of tracts with telehealth buprenorphine provider within a 30-min biking range,,Access_MOUDs,False,False
TlBupTmDr,Driving time to nearest telehealth buprenorphine provider,number,4.5,Estimated driving time (in minutes) to the nearest provider offering buprenorphine treatment via telemedicine/telehealth services,"county-2025, state-2025",Access_MOUDs,False,False
TlBupTmDr30P,Percent of tracts within 30-min telehealth buprenorphine driving range,number,4.5,Percent of tracts with telehealth buprenorphine provider within a 30-min driving range,,Access_MOUDs,False,False
TlBupTmDr60P,Percent of tracts within 60-min telehealth buprenorphine driving range,number,4.5,Percent of tracts with telehealth buprenorphine provider within a 60-min driving range,,Access_MOUDs,False,False
TlBupTmWk,Walking time to nearest telehealth buprenorphine provider,number,4.5,Estimated walking time (in minutes) to the nearest provider offering buprenorphine treatment via telemedicine/telehealth services,"county-2025, state-2025",Access_MOUDs,False,False
TlBupTmWk30P,Percent of tracts within 30-min telehealth buprenorphine walking range,number,4.5,Percent of tracts with telehealth buprenorphine provider within a 30-min walking range,,Access_MOUDs,False,False
TotHcv,Yearly Hepatitis C cases (2013-2016),number,54200,Mean total yearly Hepitatis C cases from 2013-2016,state-2017,HepatitisC_Rates,False,False
TotPcp,Count of Primary Care Physicians (PCPs),integer,5904,Number of primary care providers in area,"county-providers-2010, state-providers-2010, tract-providers-2010",Healthcare_Provider_Access,False,False
TotPop,Total Population,integer,1632480,Total population,"county-1980, county-1990, county-2000, county-2010, county-2018, county-2020, county-2023, state-1980, state-1990, state-2000, state-2010, state-2018, state-2023, tract-1980, tract-1990, tract-2000, tract-2010, tract-2018, tract-2020, tract-2023, zcta-2018, zcta-2020, zcta-2023",Demographic_Characteristics,True,False
TotPopHh,Total Population in Households,integer,7151776,Total number of people in households,"county-2018, county-2020, county-2023, state-2018, tract-2018, tract-2020, tract-2023, zcta-2018, zcta-2020, zcta-2023",Household_Characteristics,False,False
TotSp,Count of Specialty Physicians,integer,9499,Number of specialty physicians in area,"county-providers-2010, state-providers-2010, tract-providers-2010",Healthcare_Provider_Access,False,False
TotTracts,Total Census Tract Count,integer,1458,Total number of census tracts within the state.,"county-2018, county-2025, state-2018, state-2025",Access_FQHCs,False,False
TotUnits,Total Occupied Housing Units,integer,874237,Count of total occupied housing units,"county-1980, county-1990, county-2000, county-2010, county-2018, county-2020, county-2023, state-1980, state-1990, state-2000, state-2010, state-2018, tract-1980, tract-1990, tract-2000, tract-2010, tract-2018, tract-2020, tract-2023, zcta-2018, zcta-2020, zcta-2023",Housing_Variables,True,False
TotVetPop,Total Veteran Population,integer,537713,Total Veteran population,"county-2010, county-2018, county-2020, county-2023, state-2010, state-2018, tract-2010, tract-2018, tract-2020, tract-2023, zcta-2018, zcta-2020, zcta-2023",Veteran_Population,False,False
TotWrkE,Count of Working Population,integer,3513856,Estimated count of working population,"county-2018, county-2020, county-2023, state-2018, tract-2018, tract-2020, tract-2023, zcta-2018, zcta-2020, zcta-2023",Employment_Trends,False,False
TradFedExp,Traditional Medicaid Federal Spending,integer,4610569600,Traditional medicaid - federal spending,"state-2018, state-2023",Medical_Expenditures,False,False
TradSttExp,Traditional Medicaid State Spending,integer,4349828600,Traditional medicaid - state spending,"state-2018, state-2023",Medical_Expenditures,False,False
TtlJlAdm,"Total Jail Admissions Count, ASJ/COJ Data",number,72266,"Total Jail Admissions Count, ASJ/COJ Data","county-2017, county-2024, state-2022",Jail_Incarceration_Rates,False,False
TtlJlAdmQ1,"Total Jail Admissions Count (Q1), ASJ/COJ Data",number,72266,"Total Jail Admissions Count (Q1), ASJ/COJ Data",county-2023,Jail_Incarceration_Rates,False,False
TtlJlAdmQ2,"Total Jail Admissions Count (Q2), ASJ/COJ Data",number,72266,"Total Jail Admissions Count (Q2), ASJ/COJ Data",county-2023,Jail_Incarceration_Rates,False,False
TtlJlAdmQ3,"Total Jail Admissions Count (Q3), ASJ/COJ Data",number,72266,"Total Jail Admissions Count (Q3), ASJ/COJ Data",county-2023,Jail_Incarceration_Rates,False,False
TtlJlAdmQ4,"Total Jail Admissions Count (Q4), ASJ/COJ Data",number,72266,"Total Jail Admissions Count (Q4), ASJ/COJ Data",county-2023,Jail_Incarceration_Rates,False,False
TtlJlAdmr,Total jail admission rate,number,1260.84,"Total Jail Admissions Rate, ASJ/COJ Data","county-2017, county-2024, state-2022",Jail_Incarceration_Rates,False,False
TtlJlAdmrQ1,Total jail admission rate (Q1),number,1260.84,"Total Jail Admissions Rate (Q1), ASJ/COJ Data",county-2023,Jail_Incarceration_Rates,False,False
TtlJlAdmrQ2,Total jail admission rate (Q2),number,1260.84,"Total Jail Admissions Rate (Q2), ASJ/COJ Data",county-2023,Jail_Incarceration_Rates,False,False
TtlJlAdmrQ3,Total jail admission rate (Q3),number,1260.84,"Total Jail Admissions Rate (Q3), ASJ/COJ Data",county-2023,Jail_Incarceration_Rates,False,False
TtlJlAdmrQ4,Total jail admission rate (Q4),number,1260.84,"Total Jail Admissions Rate (Q4), ASJ/COJ Data",county-2023,Jail_Incarceration_Rates,False,False
TtlJlPp,"Total Jail Population Count, ASJ/COJ Data",number,13201,"Total Jail Population Count, ASJ/COJ Data","county-2017, county-2024, state-2022, state-2023",Jail_Incarceration_Rates,False,False
TtlJlPpQ1,"Total Jail Population Count (Q1), ASJ/COJ Data",number,13201,"Total Jail Population Count (Q1), ASJ/COJ Data",county-2023,Jail_Incarceration_Rates,False,False
TtlJlPpQ2,"Total Jail Population Count (Q2), ASJ/COJ Data",number,13201,"Total Jail Population Count (Q2), ASJ/COJ Data",county-2023,Jail_Incarceration_Rates,False,False
TtlJlPpQ3,"Total Jail Population Count (Q3), ASJ/COJ Data",number,13201,"Total Jail Population Count (Q3), ASJ/COJ Data",county-2023,Jail_Incarceration_Rates,False,False
TtlJlPpQ4,"Total Jail Population Count (Q4), ASJ/COJ Data",number,13201,"Total Jail Population Count (Q4), ASJ/COJ Data",county-2023,Jail_Incarceration_Rates,False,False
TtlJlPpr,Total Jail Population Rate,number,230.32,"Total Jail Population Rate, ASJ/COJ Data","county-2017, county-2024, state-2022, state-2023",Jail_Incarceration_Rates,False,False
TtlJlPprQ1,Total Jail Population Rate (Q1),number,230.32,"Total Jail Population Rate (Q1), ASJ/COJ Data",county-2023,Jail_Incarceration_Rates,False,False
TtlJlPprQ2,Total Jail Population Rate (Q2),number,230.32,"Total Jail Population Rate (Q2), ASJ/COJ Data",county-2023,Jail_Incarceration_Rates,False,False
TtlJlPprQ3,Total Jail Population Rate (Q3),number,230.32,"Total Jail Population Rate (Q3), ASJ/COJ Data",county-2023,Jail_Incarceration_Rates,False,False
TtlJlPprQ4,Total Jail Population Rate (Q4),number,230.32,"Total Jail Population Rate (Q4), ASJ/COJ Data",county-2023,Jail_Incarceration_Rates,False,False
TtlJlPrt,Pretrial Jail Population Count,number,6150,Pretrial Jail Population Count,"county-2017, county-2024, state-2022, state-2023",Jail_Incarceration_Rates,False,False
TtlJlPrtQ1,Pretrial Jail Population Count (Q1),number,6150,Pretrial Jail Population Count (Q1),county-2023,Jail_Incarceration_Rates,False,False
TtlJlPrtQ2,Pretrial Jail Population Count (Q2),number,6150,Pretrial Jail Population Count (Q2),county-2023,Jail_Incarceration_Rates,False,False
TtlJlPrtQ3,Pretrial Jail Population Count (Q3),number,6150,Pretrial Jail Population Count (Q3),county-2023,Jail_Incarceration_Rates,False,False
TtlJlPrtQ4,Pretrial Jail Population Count (Q4),number,6150,Pretrial Jail Population Count (Q4),county-2023,Jail_Incarceration_Rates,False,False
TtlJlPrtr,Pretrial Jail Population Rate,number,107.3,Pretrial Jail Population Rate,"county-2017, county-2024, state-2022, state-2023",Jail_Incarceration_Rates,False,False
TtlJlPrtrQ1,Pretrial Jail Population Rate (Q1),number,107.3,Pretrial Jail Population Rate (Q1),county-2023,Jail_Incarceration_Rates,False,False
TtlJlPrtrQ2,Pretrial Jail Population Rate (Q2),number,107.3,Pretrial Jail Population Rate (Q2),county-2023,Jail_Incarceration_Rates,False,False
TtlJlPrtrQ3,Pretrial Jail Population Rate (Q3),number,107.3,Pretrial Jail Population Rate (Q3),county-2023,Jail_Incarceration_Rates,False,False
TtlJlPrtrQ4,Pretrial Jail Population Rate (Q4),number,107.3,Pretrial Jail Population Rate (Q4),county-2023,Jail_Incarceration_Rates,False,False
TtlPrAPp,Prison Prison Admissions Count,integer,8115,Prison Prison Admissions Count,"county-2016, state-2022",Prison_Incarceration_Rates,False,False
TtlPrAPpr,Total Prison Admission Rate,number,140.33,Prison Prison Admissions Rate,"county-2016, state-2022",Prison_Incarceration_Rates,False,False
TtlPrPp,Total Prison Population Count,integer,21605,Total Prison Population Count,"county-2016, state-2022, state-2024",Prison_Incarceration_Rates,False,False
TtlPrPpr,Total Prison Population Rate,number,373.6,Total Prison Population Rate,"county-2016, state-2022, state-2024",Prison_Incarceration_Rates,False,False
TwoRaceE,Count Population identifying as two or more races,number,60.0,Count persons identifying as two or more races. Estimated count in non-decennial years.,"county-2010, county-2018, county-2023, state-2010, state-2018, state-2023, tract-2010, tract-2018, tract-2023, zcta-2018, zcta-2023",Race_Ethnicity,False,False
TwoRaceP,% Population identifying as two or more races,number,60.0,,"county-2010, county-2020, county-2023, state-2010, state-2018, state-2023, tract-2010, tract-2020, tract-2023, zcta-2020, zcta-2023",Race_Ethnicity,False,False
U50HcvD,Hepatitis C Deaths - Under 50 years old,integer,40,Hepatitis C deaths in populations under 50 years of age,"state-2013, state-2014, state-2015, state-2016, state-2017, state-2018, state-2019, state-2020, state-2021, state-2022",HepatitisC_Rates,False,False
Un50Hcv,Yearly Hepatitis C cases - Under 50 years old (2013-2016),number,9400,Mean yearly Hepatatis C cases in people under 50 years of age from 2013-2016,state-2017,HepatitisC_Rates,False,False
Und18P,% Population under 18 years old,number,60.0,,"county-2020, county-2023, tract-2020, tract-2023, zcta-2020, zcta-2023",Demographic_Characteristics,False,False
UnempP,Unemployment %,number,5.7,The number of unemployed individuals as a percentage of the civilian labor force,"county-1980, county-1990, county-2000, county-2010, county-2018, county-2020, county-2023, state-1980, state-1990, state-2000, state-2010, state-2018, tract-1980, tract-1990, tract-2000, tract-2010, tract-2018, tract-2020, tract-2023, zcta-2018, zcta-2020, zcta-2023",Economic_Characteristics,True,False
UnitDens,Housing Unit Density,number,46.11,Number of housing units per square mile of land area,"county-2018, county-2020, county-2023, state-2018, tract-2018, tract-2020, tract-2023, zcta-2018, zcta-2020, zcta-2023",Housing_Variables,False,False
UrbCoreInd,Urban Core Opportunity Index,number,-0.06,Raw Urban Core Opportunity Index (https://sdohatlas.github.io/),tract-sdoh-2014,SDOH_Indices,False,True
VacantP,Vacant Housing Units %,number,13.28,Percentage of vacant housing units,"county-1980, county-1990, county-2000, county-2010, county-2018, county-2020, county-2023, state-1980, state-1990, state-2000, state-2010, state-2018, tract-1980, tract-1990, tract-2000, tract-2010, tract-2018, tract-2020, tract-2023, zcta-2018, zcta-2020, zcta-2023",Housing_Variables,True,False
VetP,% Veteran Population,number,9.58,Percent of population that are veterans,"county-2010, county-2018, county-2020, county-2023, state-2010, state-2018, tract-2010, tract-2018, tract-2020, tract-2023, zcta-2018, zcta-2020, zcta-2023",Veteran_Population,False,False
WhiteE,Count White Population,number,56.2,Count persons with race identified as white alone. Estimated count in non-decennial years.,"county-1980, county-1990, county-2000, county-2010, county-2018, county-2023, state-1980, state-1990, state-2000, state-2010, state-2018, state-2023, tract-1980, tract-1990, tract-2000, tract-2010, tract-2018, tract-2023, zcta-2018, zcta-2023",Race_Ethnicity,True,False
WhiteP,% White Population,number,56.2,Percentage of population with race identified as white alone,"county-1980, county-1990, county-2000, county-2010, county-2018, county-2020, county-2023, state-1980, state-1990, state-2000, state-2010, state-2018, state-2023, tract-1980, tract-1990, tract-2000, tract-2010, tract-2018, tract-2020, tract-2023, zcta-2018, zcta-2020, zcta-2023",Race_Ethnicity,True,False
WhtHcvD,Hepatitis C deaths among White populations,number,60.0,,"state-2018, state-2019, state-2020, state-2021, state-2022",HepatitisC_Rates,False,False
WidwdP,% Population aged 15 and over who are widowed,number,60.0,,"county-2020, county-2023, tract-2020, tract-2023, zcta-2020, zcta-2023",Marital_Status,False,False
WlfrExp,Public welfare expenditures,integer,1897193,Total expenditures on public welfare programs,"state-2019, state-2020, state-2021, state-2022",Public_Expenditures,False,False
ZCTA5,Zip Code Tabulation Area,string,60637,"Census Bureau designated zip code tabulation area, or the rough area that contains five digit zip codes.","zcta-2018, zcta-2019, zcta-2020, zcta-2021, zcta-2022, zcta-2023, zcta-2025, zcta-ruca-2010",Geographic_Boundaries,True,False
